날짜,장소,운영시간,공연일정
20230818,에버랜드,10:00 ~ 22:00,"슈팅워터펀&밤밤클럽, 장미성 뮤직 워터 BaMM, EVERTOPIA - The Origin of Everland, 가든 오브 라이츠 with SHINee, 레니의 대모험~ 드래곤 성을 찾아서~, 문라이트 퍼레이드"
20230818,롯데월드,10:00 ~ 22:00,"매직캐슬 라이츠업, 미라클 나이트, 삼바 스텝 스쿨, 삼바 카니발 퍼레이드, 삼바 투게더, 색소폰 앙상블, 샤롯데 밴드쇼, 섬머 브라스 밴드 쇼, 키디밴드, 핫! 섬머! 바캉스"
20230818,서울랜드,10:00 ~ 22:00,"댄싱 포토타임, 동화의 숲 친구들과 함께 찰칵 포토타임!, 떠나요, 동화의 숲! 시즌 3 -시끌벅적 도깨비 나라로, 루나 레이저 판타지, 루나-빛의전설 & 화려한 불꽃쇼, 썸머뮤직워터쇼 워터-팝!, 애니멀킹덤"
20230819,에버랜드,10:00 ~ 22:00,"슈팅워터펀&밤밤클럽, 장미성 뮤직 워터 BaMM, EVERTOPIA - The Origin of Everland, 가든 오브 라이츠 with SHINee, 레니의 대모험~ 드래곤 성을 찾아서~, 문라이트 퍼레이드"
20230819,롯데월드,10:00 ~ 22:00,"매직캐슬 라이츠업, 모던 재즈 앙상블, 미라클 나이트, 삼바 카니발 퍼레이드, 삼바 투게더, 샤롯데 밴드쇼, 섬머 뮤직 크루즈, 섬머 브라스 밴드 쇼, 핫! 섬머! 바캉스"
20230819,서울랜드,09:30 ~ 22:00,"동화의 숲 친구들과 함께 찰칵 포토타임!, 떠나요, 동화의 숲! 시즌 3 -시끌벅적 도깨비 나라로, 루나 레이저 판타지, 루나 밴드, 루나-빛의전설 & 화려한 불꽃쇼, 루나버스킹 : 여름 한조각! 시대별 아이돌 여름송!, 루나버스킹: 여름냄새 뿜뿜! 시원함 100% 여름송!, 마디그라 포토타임, 썸머뮤직워터쇼 워터-팝!, 애니멀킹덤"
20230820,에버랜드,10:00 ~ 22:00,"슈팅워터펀&밤밤클럽, 장미성 뮤직 워터 BaMM, EVERTOPIA - The Origin of Everland, 가든 오브 라이츠 with SHINee, 레니의 대모험~ 드래곤 성을 찾아서~, 문라이트 퍼레이드"
20230820,롯데월드,10:00 ~ 21:00,"매직캐슬 라이츠업, 모던 재즈 앙상블, 삼바 카니발 퍼레이드, 삼바 투게더, 섬머 빅 밴드 쇼, 핫! 섬머! 바캉스"
20230820,서울랜드,09:30 ~ 22:00,"댄싱 포토타임, 동화의 숲 친구들과 함께 찰칵 포토타임!, 떠나요, 동화의 숲! 시즌 3 -시끌벅적 도깨비 나라로, 루나 레이저 판타지, 루나 밴드, 루나-빛의전설 & 화려한 불꽃쇼, 루나버스킹 : 여름 한조각! 시대별 아이돌 여름송!, 루나버스킹: 여름냄새 뿜뿜! 시원함 100% 여름송!, 썸머뮤직워터쇼 워터-팝!, 애니멀킹덤"
20230821,에버랜드,10:00 ~ 22:00,"슈팅워터펀&밤밤클럽, 장미성 뮤직 워터 BaMM, EVERTOPIA - The Origin of Everland, 가든 오브 라이츠 with SHINee, 레니의 대모험~ 드래곤 성을 찾아서~, 문라이트 퍼레이드"
20230821,롯데월드,10:00 ~ 21:00,"삼바 카니발 퍼레이드, 삼바 투게더, 핫! 섬머! 바캉스"
20230821,서울랜드,10:00 ~ 21:00,"루나버스킹 : 여름 한조각! 시대별 아이돌 여름송!, 루나버스킹 : 청량함 한스푼, 90~00년대 여름송!, 루나버스킹: 여름냄새 뿜뿜! 시원함 100% 여름송!, 슈퍼 미러볼 댄스 타임, 썸머뮤직워터쇼 워터-팝!"
20230822,에버랜드,10:00 ~ 22:00,"슈팅워터펀&밤밤클럽, 장미성 뮤직 워터 BaMM, EVERTOPIA - The Origin of Everland, 가든 오브 라이츠 with SHINee, 레니의 대모험~ 드래곤 성을 찾아서~, 문라이트 퍼레이드"
20230822,롯데월드,10:00 ~ 21:00,"로티의 펀! 펀! 뮤직쇼, 삼바 카니발 퍼레이드, 핫! 섬머! 바캉스"
20230822,서울랜드,10:00 ~ 21:00,"루나버스킹 : 여름 한조각! 시대별 아이돌 여름송!, 루나버스킹 : 청량함 한스푼, 90~00년대 여름송!, 루나버스킹: 여름냄새 뿜뿜! 시원함 100% 여름송!, 슈퍼 미러볼 댄스 타임, 썸머뮤직워터쇼 워터-팝!"
20230823,에버랜드,10:00 ~ 22:00,"슈팅워터펀&밤밤클럽, 장미성 뮤직 워터 BaMM, EVERTOPIA - The Origin of Everland, 가든 오브 라이츠 with SHINee, 레니의 대모험~ 드래곤 성을 찾아서~, 문라이트 퍼레이드"
20230823,롯데월드,10:00 ~ 21:00,"삼바 카니발 퍼레이드, 삼바 투게더, 핫! 섬머! 바캉스"
20230823,서울랜드,10:00 ~ 21:00,"루나버스킹 : 여름 한조각! 시대별 아이돌 여름송!, 루나버스킹 : 청량함 한스푼, 90~00년대 여름송!, 루나버스킹: 여름냄새 뿜뿜! 시원함 100% 여름송!, 슈퍼 미러볼 댄스 타임, 썸머뮤직워터쇼 워터-팝!"
20230824,에버랜드,10:00 ~ 22:00,"가든 오브 라이츠 with SHINee, 레니의 대모험~ 드래곤 성을 찾아서~"
20230824,롯데월드,10:00 ~ 21:00,"삼바 카니발 퍼레이드, 삼바 투게더, 핫! 섬머! 바캉스"
20230824,서울랜드,10:00 ~ 21:00,"댄싱 포토타임, 동화의 숲 친구들과 함께 찰칵 포토타임!, 떠나요, 동화의 숲! 시즌 3 -시끌벅적 도깨비 나라로, 루나-빛의전설, 썸머뮤직워터쇼 워터-팝!, 애니멀킹덤"
